id,first_name,last_name,email,gender,ip_address
1,Rosco,Summersby,rsummersby0@pagesperso-orange.fr,Male,206.170.196.125
2,Seumas,Gawkroge,sgawkroge1@de.vu,Male,152.214.8.164
3,Simeon,Loakes,sloakes2@archive.org,Male,153.241.252.113
4,Nollie,Anglim,nanglim3@mashable.com,Male,72.122.43.193
5,Domenic,Franschini,dfranschini4@virginia.edu,Male,178.158.206.233
6,Leticia,Wilcott,lwilcott5@tamu.edu,Female,223.47.214.125
7,Dick,Callway,dcallway6@lycos.com,Male,248.186.89.99
8,Quinlan,Colliar,qcolliar7@noaa.gov,Male,10.114.67.188
9,Dido,Python,dpython8@sohu.com,Female,245.218.37.88
10,D'arcy,Rumbold,drumbold9@mlb.com,Male,240.173.43.63
11,Ara,Houldcroft,ahouldcrofta@amazonaws.com,Female,145.249.4.103
12,Tracee,Huban,thubanb@gmpg.org,Female,228.240.176.181
13,Benson,Hillhouse,bhillhousec@goo.gl,Male,101.234.21.108
14,Blithe,Dondon,bdondond@yellowbook.com,Female,190.202.175.190
15,Bernadette,FitzGibbon,bfitzgibbone@nsw.gov.au,Female,122.54.216.1
16,Natasha,Graham,ngrahamf@cloudflare.com,Female,154.69.216.187
17,Morris,Treske,mtreskeg@prweb.com,Male,168.156.194.86
18,Sherwin,Erbe,serbeh@clickbank.net,Male,81.10.165.62
19,Beverley,Rainger,braingeri@alibaba.com,Female,98.115.21.91
20,Wandis,Narramor,wnarramorj@theguardian.com,Female,15.187.155.185
21,Shirline,Edmondson,sedmondsonk@merriam-webster.com,Female,171.82.132.171
22,Theo,Prosch,tproschl@oracle.com,Male,203.98.73.13
23,Bucky,McGorman,bmcgormanm@123-reg.co.uk,Male,242.105.138.65
24,Ronalda,Pickvance,rpickvancen@cpanel.net,Female,131.150.129.224
25,Addy,Neasham,aneashamo@howstuffworks.com,Male,130.189.102.177
26,Kayle,Dreini,kdreinip@ning.com,Female,167.251.21.132
27,Abdul,Camelia,acameliaq@over-blog.com,Male,45.43.46.33
28,Julieta,East,jeastr@shutterfly.com,Female,194.18.181.10
29,Hamilton,Penrith,hpenriths@theatlantic.com,Male,51.81.130.39
30,Aurlie,Chrispin,achrispint@sciencedaily.com,Female,123.170.222.168
31,Craggie,Bicker,cbickeru@upenn.edu,Male,213.180.144.3
32,Dewey,Finnimore,dfinnimorev@bizjournals.com,Male,109.81.116.31
33,Grover,MacRonald,gmacronaldw@imdb.com,Male,121.178.121.238
34,Cherry,Ivimey,civimeyx@edublogs.org,Female,13.126.122.247
35,Alfy,Cotterell,acotterelly@reverbnation.com,Male,240.138.175.12
36,Clark,Ballinghall,cballinghallz@washingtonpost.com,Male,225.94.30.108
37,Reider,Smale,rsmale10@joomla.org,Male,55.170.19.127
38,Neille,Mereweather,nmereweather11@tmall.com,Female,101.76.3.233
39,Ross,Hush,rhush12@census.gov,Male,77.210.145.238
40,Alfredo,Gierck,agierck13@squarespace.com,Male,220.85.61.87
41,Jase,Tutchener,jtutchener14@huffingtonpost.com,Male,97.247.12.189
42,Florette,Geggus,fgeggus15@jiathis.com,Female,108.127.213.212
43,Marshall,Caville,mcaville16@netlog.com,Male,153.66.150.190
44,Deena,Cason,dcason17@reddit.com,Female,83.2.160.100
45,Rickert,Hegge,rhegge18@apache.org,Male,228.241.20.9
46,Ave,Brownscombe,abrownscombe19@yahoo.co.jp,Male,46.22.221.205
47,Ron,Lown,rlown1a@dailymotion.com,Male,51.250.218.83
48,Elisha,Agutter,eagutter1b@earthlink.net,Female,197.23.41.112
49,Wayland,Raven,wraven1c@goo.ne.jp,Male,47.175.104.246
50,Carin,Dulen,cdulen1d@whitehouse.gov,Female,99.125.208.193
51,Concettina,Probert,cprobert1e@shutterfly.com,Female,76.202.49.123
52,Parsifal,Coghlan,pcoghlan1f@amazonaws.com,Male,168.5.251.208
53,Lucienne,Grahlmans,lgrahlmans1g@de.vu,Female,171.2.147.13
54,Ara,Rawnsley,arawnsley1h@people.com.cn,Male,213.107.179.79
55,Harv,Loache,hloache1i@t.co,Male,241.1.220.211
56,Cynthy,Leighfield,cleighfield1j@tripadvisor.com,Female,71.46.207.254
57,Kirby,Colicot,kcolicot1k@soundcloud.com,Male,47.183.99.190
58,Coretta,Dursley,cdursley1l@pagesperso-orange.fr,Female,179.25.87.159
59,Margette,Glover,mglover1m@tripadvisor.com,Female,87.221.32.221
60,Cherilynn,Fricke,cfricke1n@amazonaws.com,Female,227.120.105.72
61,Kristopher,Melby,kmelby1o@ning.com,Male,168.97.151.170
62,Jillana,Radenhurst,jradenhurst1p@liveinternet.ru,Female,84.174.240.65
63,Nicky,Savary,nsavary1q@imdb.com,Female,91.36.225.203
64,Guillermo,Decayette,gdecayette1r@alexa.com,Male,215.156.127.96
65,Dael,Clulee,dclulee1s@tinyurl.com,Female,9.228.188.206
66,Lara,Gaywood,lgaywood1t@alibaba.com,Female,21.81.221.70
67,Phip,Haskett,phaskett1u@zimbio.com,Male,1.47.82.63
68,Imelda,Fronsek,ifronsek1v@tiny.cc,Female,234.250.142.2
69,Morten,Buzin,mbuzin1w@gmpg.org,Male,194.113.175.190
70,Selina,Beincken,sbeincken1x@tumblr.com,Female,101.106.252.234
71,Godart,MacNeachtain,gmacneachtain1y@nsw.gov.au,Male,150.193.63.106
72,Mignonne,Boobyer,mboobyer1z@soup.io,Female,111.67.196.51
73,Lambert,Kinloch,lkinloch20@drupal.org,Male,48.227.6.230
74,Sergeant,Neeves,sneeves21@kickstarter.com,Male,134.218.194.37
75,Amber,Gostridge,agostridge22@salon.com,Female,25.21.107.252
76,Dannie,Rosenstiel,drosenstiel23@acquirethisname.com,Female,16.207.184.122
77,Annabela,Culham,aculham24@prlog.org,Female,95.106.92.95
78,Levy,Obin,lobin25@vinaora.com,Male,73.186.200.70
79,Ophelia,Keer,okeer26@go.com,Female,73.28.242.134
80,Jorrie,Fitzpayn,jfitzpayn27@ftc.gov,Female,98.194.234.25
81,Nevsa,Cromie,ncromie28@usatoday.com,Female,202.216.26.35
82,Luke,Tillett,ltillett29@umich.edu,Male,33.6.87.143
83,Fidole,Ties,fties2a@scientificamerican.com,Male,148.65.215.247
84,Tedda,Van Vuuren,tvanvuuren2b@cbc.ca,Female,152.87.123.6
85,Marylinda,Buckell,mbuckell2c@howstuffworks.com,Female,27.218.130.0
86,Rorie,Aujouanet,raujouanet2d@reference.com,Female,157.173.223.158
87,Jenn,Abilowitz,jabilowitz2e@rakuten.co.jp,Female,47.125.159.220
88,Keefe,Carous,kcarous2f@scientificamerican.com,Male,59.170.208.166
89,Ahmad,Halegarth,ahalegarth2g@woothemes.com,Male,244.212.132.210
90,Kenn,Boyat,kboyat2h@yahoo.com,Male,81.108.46.197
91,Marsiella,MacCarrane,mmaccarrane2i@hatena.ne.jp,Female,150.169.136.212
92,Analise,Huckle,ahuckle2j@tinyurl.com,Female,85.80.171.112
93,Kerstin,Marler,kmarler2k@cdbaby.com,Female,5.228.80.27
94,Borg,Splevin,bsplevin2l@psu.edu,Male,79.71.58.188
95,Cassey,Perrottet,cperrottet2m@forbes.com,Female,46.217.152.252
96,Clark,Penman,cpenman2n@infoseek.co.jp,Male,164.85.225.30
97,Juana,Winter,jwinter2o@taobao.com,Female,145.32.221.166
98,Ashley,Royce,aroyce2p@forbes.com,Male,235.3.140.49
99,Rodolph,Aaronsohn,raaronsohn2q@issuu.com,Male,69.192.102.225
100,Irwinn,Dallison,idallison2r@miitbeian.gov.cn,Male,60.91.176.129
101,Lettie,Jedrych,ljedrych2s@com.com,Female,13.79.57.69
102,Arman,Applebee,aapplebee2t@google.it,Male,4.78.35.246
103,Thacher,Iglesias,tiglesias2u@twitpic.com,Male,110.34.24.207
104,Kathy,Blyth,kblyth2v@pinterest.com,Female,31.143.35.193
105,Lucky,Calcraft,lcalcraft2w@yandex.ru,Female,86.103.4.235
106,Ali,Limb,alimb2x@who.int,Female,117.67.64.75
107,Aleta,Probet,aprobet2y@purevolume.com,Female,158.157.185.227
108,Benn,Thurnham,bthurnham2z@bravesites.com,Male,1.248.131.120
109,Nelia,Pentin,npentin30@amazonaws.com,Female,120.131.71.93
110,Rik,Doidge,rdoidge31@stumbleupon.com,Male,102.217.235.247
111,Ingra,Vedenisov,ivedenisov32@howstuffworks.com,Male,207.37.70.208
112,Allayne,Saltmarsh,asaltmarsh33@jugem.jp,Male,60.73.211.132
113,Derick,Crosskell,dcrosskell34@1und1.de,Male,205.20.165.42
114,Jacques,Knutsen,jknutsen35@squarespace.com,Male,133.109.168.246
115,Andra,Bellenger,abellenger36@sina.com.cn,Female,11.81.111.136
116,Paulette,Chater,pchater37@51.la,Female,213.137.123.25
117,Ann-marie,Colquite,acolquite38@hao123.com,Female,209.148.107.90
118,Benedetta,Bamblett,bbamblett39@surveymonkey.com,Female,223.114.21.106
119,Kay,Helliker,khelliker3a@mozilla.com,Female,186.219.156.104
120,Corine,Atherton,catherton3b@mit.edu,Female,32.148.121.56
121,Rhianon,Laboune,rlaboune3c@lulu.com,Female,193.223.58.96
122,Raquela,Whatling,rwhatling3d@surveymonkey.com,Female,32.198.232.202
123,Jedediah,Wix,jwix3e@about.me,Male,138.121.144.11
124,Krissie,Sole,ksole3f@theglobeandmail.com,Female,155.235.197.18
125,Thornton,Loughhead,tloughhead3g@smugmug.com,Male,148.141.216.104
126,Kynthia,Crummay,kcrummay3h@typepad.com,Female,8.38.201.119
127,Kariotta,Leggon,kleggon3i@php.net,Female,193.202.242.44
128,Jade,Gokes,jgokes3j@lycos.com,Female,102.126.98.247
129,Averil,Beeson,abeeson3k@cocolog-nifty.com,Female,62.32.22.205
130,Janetta,Westraw,jwestraw3l@google.com.au,Female,239.51.65.24
131,Butch,Perrigo,bperrigo3m@exblog.jp,Male,57.148.8.90
132,Wayland,Hobden,whobden3n@examiner.com,Male,233.15.99.142
133,Viviana,Falconar,vfalconar3o@wikia.com,Female,62.172.6.132
134,Haslett,Bellefonte,hbellefonte3p@technorati.com,Male,76.230.131.157
135,Francine,Revan,frevan3q@abc.net.au,Female,41.207.87.192
136,Agnola,Braiden,abraiden3r@comsenz.com,Female,231.195.5.36
137,Jess,Arkil,jarkil3s@umich.edu,Male,249.85.60.51
138,Durant,Ambresin,dambresin3t@state.gov,Male,24.98.159.208
139,Rhoda,Wenger,rwenger3u@barnesandnoble.com,Female,166.140.149.55
140,Marillin,Sijmons,msijmons3v@mediafire.com,Female,225.120.32.91
141,Jorrie,Yellep,jyellep3w@opera.com,Female,29.7.95.52
142,Zulema,Kuhl,zkuhl3x@aol.com,Female,242.212.221.63
143,Kaila,Surgen,ksurgen3y@about.com,Female,7.236.77.178
144,Arnaldo,Skelhorn,askelhorn3z@gov.uk,Male,222.143.197.47
145,Nikoletta,Labbey,nlabbey40@apple.com,Female,37.228.79.246
146,Rhonda,Gottschalk,rgottschalk41@sohu.com,Female,199.144.128.247
147,Vite,Hiom,vhiom42@sakura.ne.jp,Male,51.93.145.174
148,Claudetta,Housaman,chousaman43@jigsy.com,Female,208.61.6.145
149,Kipp,Scolland,kscolland44@dailymotion.com,Male,237.161.236.239
150,Allix,Blackader,ablackader45@tripadvisor.com,Female,108.196.201.15
151,Eden,Larrington,elarrington46@amazon.com,Female,16.64.4.78
152,Bryanty,Jaffray,bjaffray47@sina.com.cn,Male,204.125.221.0
153,Rod,Marder,rmarder48@nbcnews.com,Male,92.173.122.205
154,Kellyann,Officer,kofficer49@moonfruit.com,Female,58.86.9.100
155,Ruttger,Teresia,rteresia4a@kickstarter.com,Male,221.102.27.118
156,Cosme,Phythien,cphythien4b@discuz.net,Male,169.91.40.194
157,Debera,Caffin,dcaffin4c@pen.io,Female,220.65.220.78
158,Ricard,Malmar,rmalmar4d@list-manage.com,Male,175.50.223.192
159,Maiga,Hurling,mhurling4e@salon.com,Female,178.4.59.244
160,Gaven,Chinnick,gchinnick4f@issuu.com,Male,64.21.162.188
161,Siobhan,Pittendreigh,spittendreigh4g@google.pl,Female,158.128.39.163
162,Marlowe,Bulleyn,mbulleyn4h@scribd.com,Male,209.11.140.46
163,Codie,Shewring,cshewring4i@uol.com.br,Female,232.144.193.124
164,Cheryl,Wratten,cwratten4j@marketwatch.com,Female,168.53.91.133
165,Genna,Matteris,gmatteris4k@people.com.cn,Female,53.216.241.18
166,Reg,Jellett,rjellett4l@cornell.edu,Male,61.148.210.80
167,Kristoffer,Mcwhinney,kmcwhinney4m@1und1.de,Male,212.10.204.123
168,Jelene,Cullon,jcullon4n@examiner.com,Female,206.140.202.44
169,Shirley,Blackway,sblackway4o@nps.gov,Female,111.0.241.115
170,Quillan,Andreu,qandreu4p@ca.gov,Male,127.161.206.172
171,Hall,Vayro,hvayro4q@lulu.com,Male,28.250.159.106
172,Merrill,Haggie,mhaggie4r@springer.com,Male,239.175.160.177
173,Matilde,Duffil,mduffil4s@arizona.edu,Female,122.57.169.189
174,Federico,Crosland,fcrosland4t@jalbum.net,Male,220.120.9.148
175,Lanny,Gonnel,lgonnel4u@about.com,Male,226.251.183.88
176,Lida,McGauhy,lmcgauhy4v@php.net,Female,252.222.221.41
177,Felicle,Knevit,fknevit4w@samsung.com,Female,60.87.141.171
178,Westleigh,Frankom,wfrankom4x@cyberchimps.com,Male,15.109.200.227
179,Kristy,Dollard,kdollard4y@spiegel.de,Female,56.217.164.78
180,Randi,Anstis,ranstis4z@microsoft.com,Male,127.70.222.196
181,Lars,Byatt,lbyatt50@example.com,Male,3.234.253.123
182,Foss,Pass,fpass51@rakuten.co.jp,Male,125.164.12.249
183,Lorens,Labrenz,llabrenz52@irs.gov,Male,239.245.8.13
184,Cynde,Tregear,ctregear53@live.com,Female,12.187.57.232
185,Shae,McCullum,smccullum54@google.cn,Male,22.138.54.189
186,Rorie,Barstowk,rbarstowk55@nifty.com,Female,49.6.241.160
187,Neall,Dovidaitis,ndovidaitis56@ifeng.com,Male,162.195.224.225
188,Melody,Summerley,msummerley57@geocities.com,Female,235.59.109.101
189,Laurens,Stoggell,lstoggell58@wsj.com,Male,43.235.88.51
190,Ollie,Puttock,oputtock59@sciencedirect.com,Male,197.232.60.96
191,Edmon,Potts,epotts5a@princeton.edu,Male,220.24.188.26
192,Gretal,Tyce,gtyce5b@alibaba.com,Female,80.168.158.115
193,Aubert,Widocks,awidocks5c@ibm.com,Male,170.101.119.193
194,Diahann,Colegrove,dcolegrove5d@aboutads.info,Female,231.20.252.4
195,Tobiah,Gager,tgager5e@free.fr,Male,216.121.237.25
196,Winnifred,Brookzie,wbrookzie5f@icq.com,Female,117.60.187.88
197,Sheridan,Antoniutti,santoniutti5g@wufoo.com,Male,203.114.40.6
198,Eberhard,Whardley,ewhardley5h@skype.com,Male,104.45.8.77
199,Briney,Itzakson,bitzakson5i@opera.com,Female,112.148.93.191
200,Nichols,Placido,nplacido5j@amazonaws.com,Male,193.237.101.121
201,Calvin,McFetrich,cmcfetrich5k@google.de,Male,57.238.207.185
202,Jeddy,McEntee,jmcentee5l@reddit.com,Male,49.175.244.211
203,Henderson,Paroni,hparoni5m@ucoz.ru,Male,220.103.83.70
204,Fons,Lanphier,flanphier5n@stanford.edu,Male,39.255.32.243
205,Cathyleen,Gerrit,cgerrit5o@discuz.net,Female,25.90.144.183
206,Lorette,O'Shevlin,loshevlin5p@amazon.com,Female,153.60.44.186
207,Dante,Wilbraham,dwilbraham5q@flavors.me,Male,66.154.199.124
208,Moore,Hayball,mhayball5r@jalbum.net,Male,56.233.206.71
209,Horatius,Grunnell,hgrunnell5s@weibo.com,Male,105.225.219.47
210,Allissa,Oakhill,aoakhill5t@friendfeed.com,Female,122.225.228.73
211,Kipp,Rooke,krooke5u@macromedia.com,Female,242.4.196.115
212,Claribel,Boller,cboller5v@utexas.edu,Female,111.37.10.22
213,Worden,Sloley,wsloley5w@360.cn,Male,202.196.238.181
214,Ives,Patton,ipatton5x@360.cn,Male,26.165.134.247
215,Lindsay,Gummer,lgummer5y@360.cn,Female,78.221.115.77
216,Gaye,Blackah,gblackah5z@people.com.cn,Female,24.126.66.36
217,Brent,Spincke,bspincke60@gov.uk,Male,112.105.241.217
218,Beauregard,Randal,brandal61@toplist.cz,Male,241.123.126.189
219,Mavra,MacKowle,mmackowle62@java.com,Female,158.79.237.3
220,Dory,Soper,dsoper63@icq.com,Female,176.30.207.4
221,Raviv,Noraway,rnoraway64@g.co,Male,155.44.228.149
222,Dell,Matovic,dmatovic65@ft.com,Female,192.57.206.208
223,Marcel,Eardley,meardley66@usda.gov,Male,125.172.97.123
224,Katharyn,Jameson,kjameson67@myspace.com,Female,157.162.68.233
225,Grenville,Aglione,gaglione68@live.com,Male,33.113.44.40
226,Krishnah,Tale,ktale69@tmall.com,Male,138.93.41.13
227,Seka,Grolle,sgrolle6a@hp.com,Female,222.239.52.203
228,Griffin,MacFie,gmacfie6b@cam.ac.uk,Male,11.135.117.110
229,Vick,Lanon,vlanon6c@psu.edu,Male,120.157.19.37
230,Kendrick,Garham,kgarham6d@house.gov,Male,31.81.2.94
231,Ardisj,Libby,alibby6e@sakura.ne.jp,Female,199.35.222.183
232,Richmond,Self,rself6f@ezinearticles.com,Male,113.105.85.238
233,Rana,Eastwood,reastwood6g@japanpost.jp,Female,8.245.148.33
234,Nat,Tinson,ntinson6h@wufoo.com,Male,127.209.189.143
235,Sena,Alesbrook,salesbrook6i@wiley.com,Female,224.213.170.124
236,Jed,Batha,jbatha6j@ca.gov,Male,99.75.60.190
237,Adah,Breakwell,abreakwell6k@tmall.com,Female,129.207.162.55
238,Brooke,Venmore,bvenmore6l@a8.net,Female,128.81.177.98
239,Marchall,Stebbin,mstebbin6m@nature.com,Male,196.254.135.40
240,Ruperto,Nicely,rnicely6n@google.fr,Male,100.6.165.75
241,Lucretia,Mackie,lmackie6o@illinois.edu,Female,124.255.4.22
242,Rena,Ruselin,rruselin6p@wufoo.com,Female,56.67.121.168
243,Alick,Jon,ajon6q@elegantthemes.com,Male,76.119.25.11
244,Terrell,Turk,tturk6r@uol.com.br,Male,102.228.246.2
245,Zackariah,Beards,zbeards6s@youtube.com,Male,61.59.58.69
246,Marney,Kensington,mkensington6t@google.com,Female,179.120.40.45
247,Juliann,Franckton,jfranckton6u@google.fr,Female,14.75.240.242
248,Jordon,Rosenzwig,jrosenzwig6v@reference.com,Male,220.93.189.133
249,Lovell,Coldham,lcoldham6w@tiny.cc,Male,144.17.227.152
250,Ibrahim,Oldershaw,ioldershaw6x@yahoo.co.jp,Male,99.64.196.63
251,Mindy,Leschelle,mleschelle6y@dell.com,Female,151.58.10.241
252,Ursula,Stannion,ustannion6z@yahoo.com,Female,20.179.176.228
253,Timothea,Ramsby,tramsby70@google.es,Female,140.113.114.46
254,Reinwald,Blakden,rblakden71@yellowbook.com,Male,129.68.9.95
255,Augustine,Forber,aforber72@sciencedirect.com,Female,122.127.76.28
256,Bone,Duesberry,bduesberry73@xing.com,Male,103.116.152.126
257,Wiatt,Sleite,wsleite74@xinhuanet.com,Male,162.47.228.93
258,Brandyn,Kernan,bkernan75@arstechnica.com,Male,58.165.134.93
259,Ealasaid,Brevetor,ebrevetor76@devhub.com,Female,178.36.116.86
260,Fernande,Mougel,fmougel77@intel.com,Female,143.198.142.10
261,Jaquenetta,Bredbury,jbredbury78@imageshack.us,Female,21.129.15.8
262,Georgie,Giamitti,ggiamitti79@t-online.de,Female,19.251.116.72
263,Ginevra,Farryan,gfarryan7a@redcross.org,Female,25.101.101.29
264,Hattie,Carnoghan,hcarnoghan7b@hao123.com,Female,158.148.232.165
265,Conrad,Bethune,cbethune7c@newyorker.com,Male,236.63.47.202
266,Auroora,Doughtery,adoughtery7d@phoca.cz,Female,141.16.223.236
267,Abran,Champneys,achampneys7e@zdnet.com,Male,36.39.241.240
268,Guenevere,Colegate,gcolegate7f@youtube.com,Female,155.8.88.184
269,Ilka,Werndly,iwerndly7g@dmoz.org,Female,222.169.37.255
270,Linea,Base,lbase7h@wordpress.com,Female,46.211.116.203
271,Gayelord,Raine,graine7i@hostgator.com,Male,207.53.218.7
272,Ephrayim,Gaenor,egaenor7j@fda.gov,Male,87.86.57.131
273,Christean,Stoak,cstoak7k@fema.gov,Female,102.21.153.221
274,Garner,Marjanski,gmarjanski7l@bloomberg.com,Male,135.6.64.196
275,Dominick,Crumby,dcrumby7m@jiathis.com,Male,68.17.234.252
276,Chariot,McAviy,cmcaviy7n@biblegateway.com,Male,220.87.46.67
277,Denver,Rizzetti,drizzetti7o@disqus.com,Male,202.86.78.174
278,Rafferty,Elder,relder7p@xrea.com,Male,209.85.223.45
279,Antin,Angood,aangood7q@constantcontact.com,Male,147.89.104.235
280,Fredra,Keywood,fkeywood7r@apple.com,Female,186.112.58.24
281,Tessi,Kinnerk,tkinnerk7s@webmd.com,Female,190.11.70.70
282,Anthe,Ashbridge,aashbridge7t@noaa.gov,Female,177.191.116.16
283,Ermin,Escofier,eescofier7u@nhs.uk,Male,252.67.192.103
284,Ernestus,McIlwrick,emcilwrick7v@biglobe.ne.jp,Male,191.1.62.200
285,Kippy,Grayley,kgrayley7w@163.com,Male,206.86.245.109
286,Des,Iohananof,diohananof7x@miibeian.gov.cn,Male,87.43.136.139
287,Shelden,Vipan,svipan7y@aol.com,Male,236.169.165.62
288,Leona,Mainwaring,lmainwaring7z@pagesperso-orange.fr,Female,20.118.18.57
289,Maximilien,Berlin,mberlin80@bigcartel.com,Male,97.40.207.36
290,Aliza,Duny,aduny81@jalbum.net,Female,47.199.162.41
291,Blanca,Redmond,bredmond82@state.gov,Female,20.246.243.213
292,Sibelle,Billing,sbilling83@canalblog.com,Female,133.86.242.211
293,Edward,Ticehurst,eticehurst84@geocities.com,Male,135.15.21.55
294,Elsinore,Berlin,eberlin85@yahoo.com,Female,130.123.41.19
295,Georgie,McCrainor,gmccrainor86@foxnews.com,Female,121.123.54.251
296,Larisa,Crady,lcrady87@stumbleupon.com,Female,41.132.243.149
297,Cally,Mourton,cmourton88@nydailynews.com,Female,245.215.60.225
298,Gianina,Abeles,gabeles89@upenn.edu,Female,186.82.160.53
299,Cordell,Mc Elory,cmcelory8a@ed.gov,Male,6.117.56.214
300,Cybil,Turgoose,cturgoose8b@free.fr,Female,243.112.254.235
301,Dani,Twyford,dtwyford8c@vkontakte.ru,Male,166.190.146.9
302,Corny,Tebbe,ctebbe8d@dropbox.com,Male,206.74.105.141
303,Cameron,Twigge,ctwigge8e@engadget.com,Male,71.148.167.212
304,Micheil,Vanichkov,mvanichkov8f@blinklist.com,Male,149.87.227.80
305,Elsworth,McCurlye,emccurlye8g@networksolutions.com,Male,227.243.2.58
306,Reuben,Caulfield,rcaulfield8h@de.vu,Male,240.201.72.128
307,Amaleta,Moynham,amoynham8i@mail.ru,Female,181.163.229.41
308,Janene,Aasaf,jaasaf8j@loc.gov,Female,20.150.221.48
309,Teirtza,Stodit,tstodit8k@chronoengine.com,Female,171.175.206.110
310,Beniamino,Largen,blargen8l@ucoz.ru,Male,168.184.90.23
311,Logan,Linton,llinton8m@google.cn,Male,186.231.174.76
312,Janna,Pischoff,jpischoff8n@nationalgeographic.com,Female,163.147.65.83
313,Ford,Aspall,faspall8o@cocolog-nifty.com,Male,204.46.46.194
314,Joann,Staterfield,jstaterfield8p@cisco.com,Female,142.97.118.70
315,Kip,Kubal,kkubal8q@homestead.com,Female,109.207.158.209
316,Lynde,McCleod,lmccleod8r@foxnews.com,Female,203.36.198.221
317,Gene,Beake,gbeake8s@pen.io,Female,213.214.96.79
318,Andrew,Stoddart,astoddart8t@t.co,Male,244.4.127.239
319,Ogdan,McGannon,omcgannon8u@i2i.jp,Male,194.123.142.95
320,Bobby,Hartus,bhartus8v@quantcast.com,Female,66.99.77.242
321,Therese,Milmith,tmilmith8w@umn.edu,Female,109.26.145.182
322,Gregg,Chatten,gchatten8x@indiatimes.com,Male,69.235.25.235
323,Corney,Imort,cimort8y@go.com,Male,102.80.84.244
324,Denver,Hetterich,dhetterich8z@bizjournals.com,Male,255.191.69.255
325,Orsa,Kinneally,okinneally90@ibm.com,Female,0.31.231.254
326,Giacobo,Buckel,gbuckel91@home.pl,Male,43.234.243.181
327,Fields,Hempel,fhempel92@livejournal.com,Male,131.77.11.36
328,Onfroi,Douris,odouris93@smh.com.au,Male,146.17.11.115
329,Kristen,Red,kred94@hc360.com,Female,26.32.173.178
330,Katuscha,McClunaghan,kmcclunaghan95@toplist.cz,Female,129.156.245.10
331,Ailyn,Custed,acusted96@mit.edu,Female,94.130.52.156
332,Obidiah,Gradly,ogradly97@europa.eu,Male,100.110.209.82
333,Grady,Washtell,gwashtell98@adobe.com,Male,109.248.233.7
334,Cordi,Gittus,cgittus99@loc.gov,Female,144.61.57.145
335,Krystyna,Bartaloni,kbartaloni9a@163.com,Female,159.50.107.88
336,Frank,Measures,fmeasures9b@goo.gl,Male,29.143.103.112
337,Maryellen,Benettolo,mbenettolo9c@cpanel.net,Female,182.76.51.19
338,Terrijo,Anchor,tanchor9d@globo.com,Female,222.190.83.114
339,Saxon,Jacquest,sjacquest9e@arstechnica.com,Male,131.223.94.144
340,Maggie,Cowing,mcowing9f@mac.com,Female,73.109.241.220
341,Sada,Hylden,shylden9g@dailymail.co.uk,Female,224.74.20.107
342,Raychel,Matthiae,rmatthiae9h@netlog.com,Female,201.205.234.225
343,Timmie,Chapleo,tchapleo9i@yelp.com,Female,79.225.100.0
344,Kelbee,De Simone,kdesimone9j@vkontakte.ru,Male,39.115.83.182
345,Joelynn,Eveque,jeveque9k@sfgate.com,Female,250.239.61.163
346,Quillan,Wards,qwards9l@wix.com,Male,115.188.37.190
347,Ursula,Greatbank,ugreatbank9m@seesaa.net,Female,111.239.227.200
348,Nate,Morfett,nmorfett9n@blogspot.com,Male,18.57.52.3
349,Cazzie,Brinkman,cbrinkman9o@unesco.org,Male,103.50.33.171
350,Nari,Kerfoot,nkerfoot9p@flavors.me,Female,154.6.13.136
351,Morlee,Koppe,mkoppe9q@istockphoto.com,Male,2.110.144.239
352,Melitta,Sillitoe,msillitoe9r@wunderground.com,Female,44.57.59.206
353,Lavina,Whitwam,lwhitwam9s@yandex.ru,Female,210.118.252.27
354,Arlin,Beilby,abeilby9t@over-blog.com,Male,88.220.120.218
355,Regan,Pledge,rpledge9u@opera.com,Female,182.15.93.21
356,Charyl,Valde,cvalde9v@privacy.gov.au,Female,126.11.43.159
357,Barnabe,Juste,bjuste9w@apple.com,Male,37.47.170.184
358,Wendy,Tyres,wtyres9x@joomla.org,Female,201.6.109.234
359,Luigi,Sidle,lsidle9y@arizona.edu,Male,236.135.228.163
360,Morganica,Spacie,mspacie9z@lycos.com,Female,118.120.175.46
361,Skipper,Ibbs,sibbsa0@delicious.com,Male,111.40.126.22
362,Bart,Braam,bbraama1@slate.com,Male,189.36.135.201
363,Ciel,Arboine,carboinea2@dot.gov,Female,111.44.134.181
364,Ancell,Golden,agoldena3@dion.ne.jp,Male,176.198.254.165
365,Simone,Bandy,sbandya4@europa.eu,Male,146.200.76.250
366,Appolonia,O' Lone,aolonea5@unblog.fr,Female,130.196.205.42
367,Xavier,Nequest,xnequesta6@amazon.de,Male,16.255.202.227
368,Shelton,O'Currane,socurranea7@blogs.com,Male,56.235.205.43
369,Mikkel,Stearns,mstearnsa8@hubpages.com,Male,222.145.178.205
370,Hayley,Keyworth,hkeywortha9@netlog.com,Female,99.177.199.188
371,Demetris,Freiburger,dfreiburgeraa@unblog.fr,Male,84.26.98.184
372,Pepillo,Southerill,psoutherillab@techcrunch.com,Male,108.72.187.151
373,Rodolfo,Barenski,rbarenskiac@wikia.com,Male,243.245.240.167
374,Goober,Laws,glawsad@ameblo.jp,Male,124.155.95.78
375,Berthe,Spadoni,bspadoniae@prweb.com,Female,191.43.241.188
376,Mel,Courtliff,mcourtliffaf@desdev.cn,Male,61.222.143.126
377,Redford,Cranston,rcranstonag@state.tx.us,Male,96.62.57.184
378,Consalve,Amaya,camayaah@tuttocitta.it,Male,198.190.254.10
379,Mandy,Potter,mpotterai@163.com,Female,38.245.29.104
380,Scotty,Yedall,syedallaj@nih.gov,Male,121.60.6.223
381,Catlin,Tchaikovsky,ctchaikovskyak@shutterfly.com,Female,80.92.99.104
382,Tomaso,Meakes,tmeakesal@4shared.com,Male,91.172.231.226
383,Faith,Feuell,ffeuellam@is.gd,Female,45.205.122.184
384,Christie,Allison,callisonan@github.io,Female,151.195.228.104
385,Davida,Kerrey,dkerreyao@dailymotion.com,Female,134.90.89.50
386,Riki,Allanby,rallanbyap@dmoz.org,Female,36.156.89.119
387,Allin,Dirr,adirraq@wordpress.org,Male,129.133.217.150
388,Rosa,Norridge,rnorridgear@bbb.org,Female,242.242.139.218
389,Morton,Cuskery,mcuskeryas@umich.edu,Male,133.54.196.23
390,Sheena,Jenks,sjenksat@opera.com,Female,82.99.136.255
391,Muffin,Franschini,mfranschiniau@de.vu,Male,121.46.213.89
392,Nada,Grimme,ngrimmeav@ifeng.com,Female,92.98.204.147
393,Jareb,Gaitung,jgaitungaw@usa.gov,Male,76.54.117.47
394,Janean,Bycraft,jbycraftax@dell.com,Female,169.179.13.233
395,Ivette,Tetther,itettheray@fotki.com,Female,81.188.224.89
396,Prescott,Clawson,pclawsonaz@oracle.com,Male,163.187.211.42
397,Clyve,Ainsby,cainsbyb0@fotki.com,Male,189.76.204.18
398,Trixy,Jaram,tjaramb1@epa.gov,Female,13.182.153.137
399,Luciano,Osboldstone,losboldstoneb2@instagram.com,Male,52.207.112.130
400,Raimundo,Hainge,rhaingeb3@google.cn,Male,136.186.175.132
401,Aurelea,Gare,agareb4@sphinn.com,Female,11.42.227.191
402,Ive,Praill,ipraillb5@thetimes.co.uk,Male,140.22.193.252
403,Osborn,Olenchikov,oolenchikovb6@amazon.com,Male,63.124.241.98
404,Norbert,Hargey,nhargeyb7@digg.com,Male,146.204.106.186
405,Aileen,Sarginson,asarginsonb8@squidoo.com,Female,67.11.109.0
406,Gabriello,Stollwerck,gstollwerckb9@cargocollective.com,Male,126.196.225.252
407,Noelani,Summerrell,nsummerrellba@patch.com,Female,144.104.12.242
408,Tyne,MacNelly,tmacnellybb@wikipedia.org,Female,20.44.47.225
409,Selma,Alekhov,salekhovbc@tumblr.com,Female,73.181.6.228
410,Leroy,Ickowics,lickowicsbd@amazon.co.jp,Male,34.131.188.170
411,Jeremiah,Dresser,jdresserbe@google.co.jp,Male,67.169.132.148
412,Shanta,Iacopini,siacopinibf@lulu.com,Female,144.138.43.184
413,Sharl,Clarke-Williams,sclarkewilliamsbg@ucla.edu,Female,37.155.179.12
414,Krissie,Stanbra,kstanbrabh@wisc.edu,Female,125.135.122.112
415,Clarisse,MacArd,cmacardbi@auda.org.au,Female,249.219.73.168
416,Robinette,Tremoille,rtremoillebj@plala.or.jp,Female,140.97.172.195
417,Robena,Ladyman,rladymanbk@lulu.com,Female,221.223.85.184
418,Ives,Cearley,icearleybl@bizjournals.com,Male,102.60.72.15
419,Linnell,Tallquist,ltallquistbm@naver.com,Female,129.219.116.78
420,Jarib,Roderigo,jroderigobn@hibu.com,Male,167.89.214.51
421,Delinda,Penright,dpenrightbo@last.fm,Female,92.219.15.152
422,Prentiss,Josebury,pjoseburybp@xing.com,Male,249.214.221.63
423,Abbi,Sheryne,asherynebq@imgur.com,Female,250.92.209.55
424,Jaime,Robuchon,jrobuchonbr@bbb.org,Male,250.54.188.138
425,Rora,Depke,rdepkebs@netvibes.com,Female,75.6.234.76
426,Silvie,Atkyns,satkynsbt@epa.gov,Female,190.29.218.225
427,Lewes,Hebden,lhebdenbu@drupal.org,Male,16.202.173.151
428,Cyrillus,Boake,cboakebv@hostgator.com,Male,172.166.88.224
429,Boris,Pomfrey,bpomfreybw@cafepress.com,Male,137.84.0.12
430,Selinda,Beagen,sbeagenbx@mail.ru,Female,227.225.76.172
431,Klara,Kreber,kkreberby@4shared.com,Female,206.206.78.114
432,Rea,Paddison,rpaddisonbz@opera.com,Female,182.216.8.41
433,Starlene,Wikey,swikeyc0@state.tx.us,Female,245.215.49.254
434,Mead,Kennelly,mkennellyc1@rakuten.co.jp,Female,111.32.94.180
435,Stacey,Satcher,ssatcherc2@newsvine.com,Female,206.28.176.41
436,Delly,Sone,dsonec3@samsung.com,Female,22.78.67.162
437,Reena,Sleep,rsleepc4@biblegateway.com,Female,167.3.228.20
438,Harvey,O'Hannay,hohannayc5@forbes.com,Male,154.132.2.120
439,Idalia,Abramov,iabramovc6@seattletimes.com,Female,6.60.24.53
440,Milt,Sciacovelli,msciacovellic7@hao123.com,Male,133.207.221.226
441,Carly,Doodson,cdoodsonc8@ftc.gov,Male,181.164.217.38
442,Graeme,Reynoollds,greynoolldsc9@myspace.com,Male,217.100.106.160
443,Deeann,Grumell,dgrumellca@nyu.edu,Female,72.102.54.95
444,Olwen,Bredgeland,obredgelandcb@reddit.com,Female,185.184.140.77
445,Lilyan,Vyel,lvyelcc@ted.com,Female,34.222.92.251
446,Mayer,Vamplus,mvampluscd@dailymotion.com,Male,101.52.210.139
447,Irita,Guirard,iguirardce@jimdo.com,Female,222.17.155.99
448,Perry,Matterdace,pmatterdacecf@state.gov,Male,106.159.187.220
449,Thia,Mertin,tmertincg@opensource.org,Female,208.252.4.162
450,Daffy,Leban,dlebanch@sogou.com,Female,18.120.209.165
451,Linc,Chastang,lchastangci@google.com.hk,Male,227.148.170.42
452,Nathanil,Lubbock,nlubbockcj@un.org,Male,199.140.224.41
453,Dorelia,Majury,dmajuryck@1688.com,Female,212.243.129.86
454,Birgit,Camelia,bcameliacl@about.me,Female,60.174.190.131
455,Sig,Moverley,smoverleycm@miitbeian.gov.cn,Male,61.112.227.161
456,Mada,Shortcliffe,mshortcliffecn@scientificamerican.com,Female,227.234.160.18
457,Cobb,McIlmorow,cmcilmorowco@businessweek.com,Male,6.121.112.0
458,Derril,Reedyhough,dreedyhoughcp@jimdo.com,Male,17.135.140.202
459,Boycey,Shimwall,bshimwallcq@smugmug.com,Male,152.188.209.37
460,Meghan,Rhymes,mrhymescr@state.gov,Female,47.22.12.6
461,Tuck,Craig,tcraigcs@va.gov,Male,11.236.145.228
462,Bartholomeus,McIleen,bmcileenct@paginegialle.it,Male,135.61.134.139
463,Roderich,Bratton,rbrattoncu@nhs.uk,Male,45.48.68.50
464,Ambros,Ingram,aingramcv@hatena.ne.jp,Male,114.137.87.227
465,Teresita,Brosius,tbrosiuscw@microsoft.com,Female,19.148.209.165
466,Blane,Fratczak,bfratczakcx@eepurl.com,Male,142.2.184.62
467,Blondie,Keunemann,bkeunemanncy@psu.edu,Female,90.217.30.213
468,Vinnie,O'Doherty,vodohertycz@illinois.edu,Female,110.83.202.54
469,Ernie,Caldaro,ecaldarod0@thetimes.co.uk,Male,161.7.151.217
470,Angelia,Lillow,alillowd1@4shared.com,Female,186.230.209.108
471,Erastus,Stockill,estockilld2@prweb.com,Male,249.212.62.202
472,Petrina,Marking,pmarkingd3@dailymail.co.uk,Female,54.230.31.201
473,Bryce,Trouel,btroueld4@tinypic.com,Male,23.205.201.27
474,Parke,Abercromby,pabercrombyd5@friendfeed.com,Male,135.184.73.250
475,Avrom,Mertsching,amertschingd6@comcast.net,Male,6.173.129.140
476,Dorey,Feckey,dfeckeyd7@soundcloud.com,Male,49.216.64.112
477,Thurston,De Malchar,tdemalchard8@nhs.uk,Male,89.140.104.116
478,Roldan,Carcas,rcarcasd9@imgur.com,Male,4.46.33.226
479,Cristine,Minmagh,cminmaghda@networkadvertising.org,Female,33.64.139.55
480,Tootsie,Paschke,tpaschkedb@weebly.com,Female,192.176.134.86
481,Batholomew,Poluzzi,bpoluzzidc@alibaba.com,Male,110.18.226.81
482,Gavrielle,Peschet,gpeschetdd@paypal.com,Female,177.176.217.67
483,Adela,Traill,atraillde@blogs.com,Female,82.217.138.101
484,Gisella,Adger,gadgerdf@typepad.com,Female,104.193.144.230
485,Irwinn,Woods,iwoodsdg@fotki.com,Male,54.180.62.121
486,Madonna,Carse,mcarsedh@mediafire.com,Female,144.116.138.195
487,Melina,Zannutti,mzannuttidi@bloglovin.com,Female,54.231.41.127
488,Spenser,Lukins,slukinsdj@uiuc.edu,Male,144.143.34.13
489,Issi,Comiskey,icomiskeydk@indiegogo.com,Female,66.251.127.46
490,Nellie,Leavens,nleavensdl@newsvine.com,Female,201.149.223.178
491,Joline,Buckland,jbucklanddm@army.mil,Female,250.219.88.111
492,Harry,McGuane,hmcguanedn@tmall.com,Male,211.248.52.72
493,Marla,Sergant,msergantdo@flickr.com,Female,242.23.83.150
494,Chrissie,Ivanenkov,civanenkovdp@unesco.org,Female,109.238.30.120
495,Giorgio,Advani,gadvanidq@jalbum.net,Male,202.192.100.204
496,Dorian,O'Noland,donolanddr@free.fr,Female,137.112.191.31
497,Danya,Latchford,dlatchfordds@time.com,Female,117.225.143.78
498,Shalne,Everington,severingtondt@unicef.org,Female,86.61.251.199
499,Tann,Mowday,tmowdaydu@ted.com,Male,148.248.127.219
500,Kittie,Pears,kpearsdv@pbs.org,Female,59.101.29.36
501,Montague,Wells,mwellsdw@shop-pro.jp,Male,203.160.127.123
502,Maible,Stone Fewings,mstonefewingsdx@bbc.co.uk,Female,33.46.89.140
503,Jessamine,Rabbet,jrabbetdy@bandcamp.com,Female,4.40.167.221
504,Steffie,Waddy,swaddydz@mapquest.com,Female,44.55.182.252
505,Tommie,Garci,tgarcie0@typepad.com,Male,153.137.93.181
506,Austin,Greer,agreere1@amazon.de,Female,149.94.212.208
507,Donica,Zute,dzutee2@github.com,Female,35.99.226.49
508,Sallee,Elie,seliee3@ihg.com,Female,135.38.187.52
509,Elena,Keward,ekewarde4@miitbeian.gov.cn,Female,7.252.24.50
510,Jaquenette,Ludovici,jludovicie5@example.com,Female,156.63.82.179
511,Heall,Maccrae,hmaccraee6@blogs.com,Male,56.178.132.173
512,Orin,Girauld,ogiraulde7@cam.ac.uk,Male,127.65.213.19
513,Ludvig,Megahey,lmegaheye8@wufoo.com,Male,125.181.242.215
514,Agneta,Kobelt,akobelte9@liveinternet.ru,Female,46.193.87.216
515,Roddy,MacGille,rmacgilleea@cmu.edu,Male,204.6.96.114
516,Corliss,Beldham,cbeldhameb@dagondesign.com,Female,93.139.43.115
517,Wyatt,Oldershaw,woldershawec@about.me,Male,11.124.227.220
518,Herschel,Galliford,hgalliforded@drupal.org,Male,66.111.144.158
519,Meggi,Craythorne,mcraythorneee@exblog.jp,Female,99.18.115.6
520,Raphael,Haresign,rharesignef@yellowbook.com,Male,151.100.230.135
521,Joy,Baker,jbakereg@biglobe.ne.jp,Female,154.226.196.232
522,Jonis,Corington,jcoringtoneh@sitemeter.com,Female,106.153.227.230
523,Jillian,Franklin,jfranklinei@cafepress.com,Female,54.151.22.69
524,Syd,Bleier,sbleierej@shop-pro.jp,Male,159.177.44.157
525,Shelton,Smoote,ssmooteek@smugmug.com,Male,153.175.70.87
526,Irvin,Sturrock,isturrockel@netscape.com,Male,83.62.130.90
527,Isidro,Rebichon,irebichonem@sourceforge.net,Male,167.177.234.80
528,Dayle,Alekseev,dalekseeven@gnu.org,Female,246.206.172.220
529,Roseline,Affleck,raffleckeo@examiner.com,Female,120.113.124.195
530,Elset,Vorley,evorleyep@geocities.com,Female,121.167.7.93
531,Caz,Crebott,ccrebotteq@hostgator.com,Male,114.70.199.202
532,Annamaria,Fosberry,afosberryer@xing.com,Female,31.173.68.133
533,Nanny,Swetman,nswetmanes@samsung.com,Female,62.105.62.57
534,Egon,Scarborough,escarboroughet@yale.edu,Male,40.189.59.143
535,Mayer,Findlater,mfindlatereu@vimeo.com,Male,112.90.250.120
536,Matthew,Mateu,mmateuev@ehow.com,Male,77.214.252.129
537,Alano,Elnaugh,aelnaughew@marriott.com,Male,67.6.200.185
538,Sigvard,Whyborn,swhybornex@infoseek.co.jp,Male,34.138.89.45
539,Lena,Troughton,ltroughtoney@shareasale.com,Female,58.255.229.21
540,Leontyne,McGinly,lmcginlyez@theguardian.com,Female,172.200.169.112
541,Jami,Giblin,jgiblinf0@mapquest.com,Female,42.90.31.92
542,Tim,Dummigan,tdummiganf1@google.de,Female,26.161.245.6
543,Abbott,Clemon,aclemonf2@webnode.com,Male,65.179.109.222
544,Fremont,Blackader,fblackaderf3@linkedin.com,Male,222.179.159.152
545,Clair,Cossons,ccossonsf4@ask.com,Male,101.134.44.210
546,Ernie,Jerromes,ejerromesf5@nhs.uk,Male,184.233.189.146
547,Luz,Yurenev,lyurenevf6@washingtonpost.com,Female,237.6.157.11
548,Sawyere,Smither,ssmitherf7@webs.com,Male,101.96.115.26
549,Brok,Bartoloma,bbartolomaf8@earthlink.net,Male,66.92.126.108
550,Marys,MacRorie,mmacrorief9@angelfire.com,Female,245.156.68.247
551,Preston,Franses,pfransesfa@github.io,Male,10.198.5.225
552,Giacomo,McGarry,gmcgarryfb@ucsd.edu,Male,233.142.33.165
553,Koenraad,Hartin,khartinfc@webmd.com,Male,91.99.16.234
554,Paton,Finlaison,pfinlaisonfd@odnoklassniki.ru,Male,49.72.189.50
555,Valle,Gaspard,vgaspardfe@alibaba.com,Male,28.10.123.186
556,Morgan,Dyche,mdycheff@delicious.com,Female,95.255.15.254
557,Nancee,Guirardin,nguirardinfg@merriam-webster.com,Female,205.232.73.177
558,Merwyn,Haizelden,mhaizeldenfh@cbsnews.com,Male,15.158.83.212
559,Jessamine,Tullis,jtullisfi@163.com,Female,86.32.161.47
560,Fidelio,Milkins,fmilkinsfj@liveinternet.ru,Male,69.242.41.226
561,Dani,Bracknall,dbracknallfk@va.gov,Female,168.116.91.137
562,Ulric,Westrope,uwestropefl@yandex.ru,Male,142.209.118.138
563,Julina,Ogilvy,jogilvyfm@tinypic.com,Female,89.195.74.94
564,Carly,Harrismith,charrismithfn@boston.com,Female,0.135.236.165
565,Martguerita,Fearick,mfearickfo@prlog.org,Female,169.149.69.112
566,Jasmine,Ockwell,jockwellfp@guardian.co.uk,Female,33.18.103.166
567,Rhys,Churchin,rchurchinfq@japanpost.jp,Male,105.123.252.66
568,Jacquenette,Overington,joveringtonfr@ehow.com,Female,130.248.156.94
569,Philippine,Padmore,ppadmorefs@wp.com,Female,230.174.176.13
570,Philomena,Weeke,pweekeft@wix.com,Female,219.241.240.5
571,Dukey,Boutellier,dboutellierfu@howstuffworks.com,Male,203.90.38.255
572,Juliet,Labroue,jlabrouefv@ihg.com,Female,118.54.174.31
573,Teirtza,Hinsche,thinschefw@pen.io,Female,39.205.165.52
574,Terry,Mossbee,tmossbeefx@privacy.gov.au,Male,15.28.86.188
575,Halsy,Geeve,hgeevefy@bandcamp.com,Male,201.208.30.165
576,Darice,Ormiston,dormistonfz@icq.com,Female,36.123.134.26
577,Hortense,Harbison,hharbisong0@zimbio.com,Female,129.4.143.23
578,Ariella,Coarser,acoarserg1@github.com,Female,1.144.195.0
579,Nicolea,Stickler,nsticklerg2@biblegateway.com,Female,147.213.136.249
580,Rolfe,Peasegood,rpeasegoodg3@about.me,Male,68.237.242.253
581,Sonny,Egar,segarg4@bandcamp.com,Female,178.250.235.71
582,Benito,Kurtis,bkurtisg5@nature.com,Male,154.155.110.239
583,Keven,Ferrarotti,kferrarottig6@rakuten.co.jp,Male,80.126.182.178
584,Aloysius,Heatly,aheatlyg7@answers.com,Male,63.60.118.252
585,Mathias,Belfelt,mbelfeltg8@sbwire.com,Male,177.193.15.92
586,Shanon,Glassman,sglassmang9@nydailynews.com,Female,235.121.34.102
587,Edie,Jina,ejinaga@sourceforge.net,Female,129.12.190.6
588,Lockwood,Dofty,ldoftygb@eepurl.com,Male,155.199.17.2
589,Lem,Mossman,lmossmangc@harvard.edu,Male,26.238.35.33
590,Temp,Defries,tdefriesgd@livejournal.com,Male,32.164.46.249
591,Carilyn,Gaywood,cgaywoodge@comcast.net,Female,235.85.76.119
592,Stacee,Roskelly,sroskellygf@google.co.uk,Male,11.70.138.26
593,Fanya,Chewter,fchewtergg@va.gov,Female,3.131.212.218
594,Maxy,Scarsbrooke,mscarsbrookegh@cornell.edu,Female,241.222.157.53
595,Stavro,Summerson,ssummersongi@rediff.com,Male,213.153.13.178
596,Boote,McNerlin,bmcnerlingj@furl.net,Male,81.5.91.34
597,Paola,Touhig,ptouhiggk@icio.us,Female,192.2.37.19
598,Christa,Damrell,cdamrellgl@elpais.com,Female,123.243.222.153
599,Breena,Otridge,botridgegm@mac.com,Female,66.57.166.133
600,Ulrikaumeko,Mellhuish,umellhuishgn@hibu.com,Female,137.153.75.219
601,Milton,Meyrick,mmeyrickgo@forbes.com,Male,75.7.100.227
602,Christopher,Ackrill,cackrillgp@army.mil,Male,166.82.214.215
603,Ingeborg,Meiklejohn,imeiklejohngq@mashable.com,Female,216.76.204.229
604,Gilda,Clouston,gcloustongr@bbb.org,Female,119.9.168.5
605,Edie,Kevis,ekevisgs@jiathis.com,Female,20.74.98.77
606,Claiborn,Masi,cmasigt@opensource.org,Male,23.170.91.166
607,Clayborn,Crombie,ccrombiegu@paypal.com,Male,36.133.209.156
608,Robby,Josefowicz,rjosefowiczgv@clickbank.net,Female,252.46.150.135
609,Ewell,Sevin,esevingw@woothemes.com,Male,254.81.234.236
610,Marlin,Treleaven,mtreleavengx@behance.net,Male,108.235.150.126
611,Payton,Denziloe,pdenziloegy@mit.edu,Male,124.199.70.190
612,Kristen,Belvin,kbelvingz@addtoany.com,Female,238.252.242.205
613,Hildagard,Deetlof,hdeetlofh0@elegantthemes.com,Female,136.170.24.79
614,Ambrosio,Birdsall,abirdsallh1@usa.gov,Male,190.229.253.196
615,Lorry,Shard,lshardh2@wsj.com,Male,242.164.160.204
616,Alessandro,McMearty,amcmeartyh3@smh.com.au,Male,232.136.231.116
617,Chiquita,Isac,cisach4@printfriendly.com,Female,28.178.120.105
618,Gayelord,Parkes,gparkesh5@google.co.uk,Male,106.104.6.15
619,Cecily,Bondley,cbondleyh6@ucoz.ru,Female,253.243.24.39
620,Joel,Kundt,jkundth7@imdb.com,Male,136.46.8.156
621,Gina,Creaven,gcreavenh8@gmpg.org,Female,148.254.225.48
622,Kaia,Dovidian,kdovidianh9@github.io,Female,70.51.215.242
623,Jesus,Clemes,jclemesha@51.la,Male,144.233.82.14
624,Xenia,Scrimshire,xscrimshirehb@loc.gov,Female,238.91.32.95
625,Miquela,Sycamore,msycamorehc@forbes.com,Female,186.107.244.200
626,Charley,Fields,cfieldshd@statcounter.com,Male,45.224.104.154
627,Yorgo,Ballintyne,yballintynehe@arstechnica.com,Male,102.57.36.18
628,Muire,McPartling,mmcpartlinghf@yahoo.co.jp,Female,197.190.245.147
629,Hilary,Colles,hcolleshg@exblog.jp,Female,143.240.27.50
630,Arny,Mazey,amazeyhh@chicagotribune.com,Male,192.107.99.21
631,Lana,Pezey,lpezeyhi@vimeo.com,Female,39.113.78.118
632,Renault,Kersley,rkersleyhj@diigo.com,Male,198.162.34.38
633,Stephannie,Farens,sfarenshk@is.gd,Female,182.146.157.142
634,Blanca,Crossman,bcrossmanhl@narod.ru,Female,153.191.193.153
635,Zaccaria,Tarbath,ztarbathhm@house.gov,Male,94.234.70.167
636,Randolf,Trinbey,rtrinbeyhn@utexas.edu,Male,133.54.8.58
637,Mannie,Every,meveryho@forbes.com,Male,126.138.120.58
638,Wynn,Pepper,wpepperhp@usnews.com,Male,176.37.105.209
639,Cello,Brigstock,cbrigstockhq@w3.org,Male,54.109.213.254
640,Prince,Ferfulle,pferfullehr@businesswire.com,Male,192.41.173.187
641,Waldemar,Casiero,wcasierohs@free.fr,Male,136.77.190.217
642,Jean,Gribbell,jgribbellht@facebook.com,Female,101.72.182.127
643,Letizia,Campion,lcampionhu@friendfeed.com,Female,131.192.75.194
644,Jarret,Aggett,jaggetthv@bluehost.com,Male,54.228.188.131
645,Eryn,Skamell,eskamellhw@1und1.de,Female,38.179.70.154
646,Keri,O'Dowd,kodowdhx@ca.gov,Female,165.55.231.190
647,Kendal,Olek,kolekhy@taobao.com,Male,189.238.99.99
648,Oren,Drane,odranehz@tiny.cc,Male,251.9.219.243
649,Brion,Verni,bvernii0@mozilla.com,Male,179.6.182.108
650,Alonso,O'Regan,aoregani1@e-recht24.de,Male,54.6.157.16
651,Torrence,Bockman,tbockmani2@bloomberg.com,Male,136.147.28.94
652,Philippine,Freddi,pfreddii3@dot.gov,Female,127.103.236.39
653,Hyacinthe,Bortolussi,hbortolussii4@so-net.ne.jp,Female,40.7.21.231
654,Rebecca,Kestle,rkestlei5@mtv.com,Female,199.120.62.145
655,Luciano,Cumberledge,lcumberledgei6@mapy.cz,Male,104.0.73.65
656,Allistir,Taill,atailli7@163.com,Male,42.217.54.86
657,Simone,Leathem,sleathemi8@shutterfly.com,Male,29.138.62.86
658,Robena,Pace,rpacei9@elegantthemes.com,Female,207.171.63.12
659,Alvy,Delia,adeliaia@taobao.com,Male,254.175.229.221
660,Christos,Frankiss,cfrankissib@goodreads.com,Male,230.69.125.162
661,Danita,Aughton,daughtonic@altervista.org,Female,203.139.165.123
662,Bronnie,Killner,bkillnerid@facebook.com,Male,247.136.6.53
663,Ginelle,Mulkerrins,gmulkerrinsie@taobao.com,Female,160.251.169.223
664,Clayborne,Lempertz,clempertzif@miibeian.gov.cn,Male,23.140.105.177
665,Batholomew,Tincombe,btincombeig@buzzfeed.com,Male,86.192.148.217
666,Livy,Lardier,llardierih@mashable.com,Female,83.219.161.138
667,Yardley,Hallet,yhalletii@redcross.org,Male,226.79.127.110
668,Kristine,Blackett,kblackettij@icio.us,Female,2.70.196.184
669,Pete,Bemrose,pbemroseik@paypal.com,Male,104.70.64.184
670,Kary,Bassett,kbassettil@gmpg.org,Female,26.223.169.54
671,Libbie,Filyaev,lfilyaevim@rediff.com,Female,129.88.212.59
672,Kathrine,Meritt,kmerittin@vkontakte.ru,Female,182.228.122.27
673,Ortensia,Sidey,osideyio@yahoo.com,Female,171.223.72.230
674,Buddy,Eldred,beldredip@disqus.com,Male,158.254.120.118
675,Vivyan,Langelay,vlangelayiq@lulu.com,Female,148.182.117.250
676,Gino,Bagnal,gbagnalir@paginegialle.it,Male,10.247.101.233
677,Rianon,Epps,reppsis@myspace.com,Female,183.140.179.6
678,Jaquenette,Maryet,jmaryetit@chicagotribune.com,Female,154.241.59.6
679,Farrand,Comolli,fcomolliiu@gravatar.com,Female,206.9.214.63
680,Terri,Gladden,tgladdeniv@usa.gov,Female,8.123.253.141
681,Giusto,Beswick,gbeswickiw@t-online.de,Male,122.112.160.2
682,Rozanne,Scotchmer,rscotchmerix@ucla.edu,Female,165.15.217.142
683,Hermy,Balma,hbalmaiy@google.ca,Male,209.27.175.219
684,Leann,Pedersen,lpederseniz@ted.com,Female,224.16.248.169
685,Sherwin,Gyorgy,sgyorgyj0@histats.com,Male,86.206.18.17
686,Evan,Levesque,elevesquej1@goo.gl,Male,197.193.77.201
687,Terrel,Ashbridge,tashbridgej2@wordpress.org,Male,229.240.81.5
688,Hastings,Berlin,hberlinj3@wsj.com,Male,117.80.70.120
689,Rosa,Marran,rmarranj4@tuttocitta.it,Female,224.134.206.248
690,Garvey,Rotham,grothamj5@nsw.gov.au,Male,162.148.155.186
691,Lydie,De Witt,ldewittj6@networksolutions.com,Female,175.229.35.33
692,Bord,O' Cuolahan,bocuolahanj7@indiatimes.com,Male,237.146.195.48
693,Johna,Garford,jgarfordj8@ebay.co.uk,Female,32.48.81.79
694,Noelyn,Tallon,ntallonj9@ca.gov,Female,227.253.251.192
695,Delia,Dines,ddinesja@dot.gov,Female,185.175.113.229
696,Crosby,Jansky,cjanskyjb@github.com,Male,168.207.160.45
697,Stephannie,Poli,spolijc@ifeng.com,Female,61.109.80.43
698,Ax,Hayden,ahaydenjd@hugedomains.com,Male,143.46.112.208
699,Ninette,Pruvost,npruvostje@opensource.org,Female,208.38.14.157
700,Jefferey,Umbers,jumbersjf@bbb.org,Male,116.15.48.82
701,Vassily,Westlake,vwestlakejg@mediafire.com,Male,247.164.252.237
702,Ruthi,Helgass,rhelgassjh@psu.edu,Female,200.229.250.64
703,Shelley,Hullock,shullockji@psu.edu,Male,238.96.143.73
704,Gene,Hare,gharejj@dot.gov,Female,55.99.237.224
705,Cazzie,Skirvane,cskirvanejk@smugmug.com,Male,121.240.61.87
706,Gerda,Locket,glocketjl@globo.com,Female,77.104.22.9
707,Alvie,Caudle,acaudlejm@eventbrite.com,Male,12.79.50.107
708,Lebbie,Eate,leatejn@oaic.gov.au,Female,64.58.213.193
709,Lacey,Sparwell,lsparwelljo@sun.com,Female,102.99.85.85
710,Nero,Cookson,ncooksonjp@blog.com,Male,88.189.124.55
711,Gabby,Carme,gcarmejq@cloudflare.com,Male,103.114.85.1
712,Weylin,Hansman,whansmanjr@e-recht24.de,Male,219.245.238.17
713,Livvy,Toolan,ltoolanjs@wordpress.org,Female,244.38.52.168
714,Miller,Swayne,mswaynejt@hostgator.com,Male,224.59.223.116
715,Burl,Commings,bcommingsju@feedburner.com,Male,247.115.206.183
716,Wilbur,Borgne,wborgnejv@disqus.com,Male,255.1.7.7
717,Waverly,Duthie,wduthiejw@odnoklassniki.ru,Male,121.194.190.233
718,Jimmie,Bernetti,jbernettijx@cbc.ca,Male,84.16.188.12
719,Wendie,Morgan,wmorganjy@clickbank.net,Female,216.76.140.88
720,Dominick,Lenthall,dlenthalljz@nps.gov,Male,72.120.46.223
721,Luca,de Copeman,ldecopemank0@g.co,Male,79.241.91.23
722,Bonni,Mannock,bmannockk1@marketwatch.com,Female,142.150.166.157
723,Celestyn,Murrey,cmurreyk2@xing.com,Female,111.123.69.26
724,Jeffry,Brose,jbrosek3@photobucket.com,Male,187.241.241.67
725,Katheryn,Edgworth,kedgworthk4@dedecms.com,Female,164.33.156.0
726,Isa,Paulin,ipaulink5@diigo.com,Female,120.237.3.228
727,Iolanthe,Illwell,iillwellk6@instagram.com,Female,111.9.150.56
728,Ker,Saill,ksaillk7@domainmarket.com,Male,27.91.80.51
729,Faunie,Piscot,fpiscotk8@clickbank.net,Female,142.205.33.228
730,Hakeem,Mantripp,hmantrippk9@cnet.com,Male,109.145.51.137
731,Ora,Paddeley,opaddeleyka@google.co.uk,Female,156.247.209.84
732,Eden,Stidson,estidsonkb@ezinearticles.com,Female,230.30.29.193
733,Clarice,Snoxill,csnoxillkc@marketwatch.com,Female,164.241.205.96
734,Hedvig,Fursse,hfurssekd@xing.com,Female,85.126.112.46
735,Marena,Labroue,mlabroueke@e-recht24.de,Female,224.121.226.143
736,Thaddus,Yakubovics,tyakubovicskf@com.com,Male,244.255.158.6
737,Gifford,Wilprecht,gwilprechtkg@bandcamp.com,Male,91.18.42.76
738,Alida,Dougherty,adoughertykh@nyu.edu,Female,134.181.1.59
739,Haroun,Biddell,hbiddellki@globo.com,Male,213.83.57.104
740,Meaghan,Edelmann,medelmannkj@lycos.com,Female,117.251.248.104
741,Aileen,Courage,acouragekk@virginia.edu,Female,41.189.231.67
742,Ingemar,Goforth,igoforthkl@eventbrite.com,Male,192.64.162.198
743,Darryl,Monahan,dmonahankm@ftc.gov,Female,43.252.185.205
744,Estell,Novill,enovillkn@topsy.com,Female,166.236.242.222
745,Ashlen,Dykas,adykasko@pinterest.com,Female,170.199.242.206
746,Elora,Moffett,emoffettkp@icq.com,Female,210.174.159.248
747,Orrin,Swinglehurst,oswinglehurstkq@weibo.com,Male,200.77.41.170
748,Salim,Miskin,smiskinkr@shinystat.com,Male,136.89.20.3
749,Devora,Brigstock,dbrigstockks@soup.io,Female,137.168.11.223
750,Rasla,Rushbrook,rrushbrookkt@reuters.com,Female,130.235.7.88
751,Marv,Yurkin,myurkinku@php.net,Male,231.41.239.114
752,Remus,Mansour,rmansourkv@independent.co.uk,Male,172.170.215.229
753,Justinn,Dober,jdoberkw@sun.com,Female,47.245.56.142
754,Ariella,Maddocks,amaddockskx@apple.com,Female,165.175.227.123
755,Bebe,Steinham,bsteinhamky@hhs.gov,Female,177.11.124.178
756,Wilek,Bolens,wbolenskz@craigslist.org,Male,103.116.19.30
757,Van,Cammell,vcammelll0@google.co.jp,Male,206.234.1.173
758,Lorene,Boddam,lboddaml1@1und1.de,Female,138.239.107.202
759,Pincus,Eye,peyel2@guardian.co.uk,Male,46.44.50.223
760,Gwyneth,Baynes,gbaynesl3@gnu.org,Female,131.65.179.165
761,Torie,Egglestone,tegglestonel4@gov.uk,Female,199.59.183.31
762,Ingaborg,Milvarnie,imilvarniel5@cocolog-nifty.com,Female,65.238.201.234
763,Eustace,Apfler,eapflerl6@histats.com,Male,98.194.188.158
764,Enid,Local,elocall7@sbwire.com,Female,11.235.41.69
765,Lionello,Lainge,llaingel8@state.gov,Male,25.236.126.176
766,Waylon,Kernaghan,wkernaghanl9@umn.edu,Male,178.115.162.24
767,Miller,Alesin,malesinla@shop-pro.jp,Male,7.221.253.100
768,Ham,Rillett,hrillettlb@upenn.edu,Male,66.217.23.249
769,Celie,Preon,cpreonlc@baidu.com,Female,245.13.6.177
770,Wait,Fardy,wfardyld@wunderground.com,Male,160.122.214.56
771,Noel,Schowenburg,nschowenburgle@posterous.com,Female,13.28.75.163
772,Letti,Stoving,lstovinglf@unblog.fr,Female,252.176.22.89
773,Ulysses,Ackerman,uackermanlg@cmu.edu,Male,194.111.73.57
774,Hurleigh,Adnett,hadnettlh@google.ca,Male,92.214.103.48
775,Chalmers,Duffil,cduffilli@smh.com.au,Male,127.218.50.106
776,Nike,Brampton,nbramptonlj@yahoo.com,Female,101.228.226.22
777,Godfrey,Castana,gcastanalk@deliciousdays.com,Male,74.34.121.98
778,Haily,People,hpeoplell@adobe.com,Female,148.94.201.174
779,Morgan,Hawken,mhawkenlm@slashdot.org,Male,73.14.121.77
780,Rosemary,Cammis,rcammisln@hexun.com,Female,120.138.141.232
781,Engelbert,Swynfen,eswynfenlo@moonfruit.com,Male,143.204.63.50
782,Tobiah,Menault,tmenaultlp@seesaa.net,Male,78.129.177.73
783,Elysia,Barnsdall,ebarnsdalllq@smugmug.com,Female,87.106.0.73
784,Winston,Whates,wwhateslr@latimes.com,Male,75.235.106.148
785,Darcy,Penhall,dpenhallls@reddit.com,Female,114.0.68.183
786,Marga,Lampitt,mlampittlt@washingtonpost.com,Female,250.65.7.77
787,Ezmeralda,Verrick,everricklu@taobao.com,Female,228.125.40.151
788,Hymie,Crewdson,hcrewdsonlv@buzzfeed.com,Male,95.143.105.171
789,Harlan,Pinsent,hpinsentlw@networksolutions.com,Male,29.192.6.113
790,Chrystel,Petts,cpettslx@nytimes.com,Female,206.24.1.94
791,Zarla,Acock,zacockly@etsy.com,Female,189.8.179.169
792,Geri,Strewthers,gstrewtherslz@google.pl,Male,204.124.219.46
793,Nedi,Bernot,nbernotm0@cnet.com,Female,232.25.43.16
794,Frederigo,Defrain,fdefrainm1@baidu.com,Male,65.61.55.83
795,Kermie,Howe,khowem2@printfriendly.com,Male,56.60.147.213
796,Sigismund,Golborn,sgolbornm3@webeden.co.uk,Male,60.175.20.182
797,Kelly,Hanham,khanhamm4@walmart.com,Female,154.195.209.156
798,Shepperd,Scrowston,sscrowstonm5@e-recht24.de,Male,97.95.198.232
799,Wells,Leney,wleneym6@reverbnation.com,Male,200.111.77.17
800,Bradford,Sterman,bstermanm7@pinterest.com,Male,85.116.20.28
801,Anthony,Castenda,acastendam8@pen.io,Male,119.17.66.106
802,Inez,Attwooll,iattwoollm9@bluehost.com,Female,2.48.95.120
803,Jolene,Kob,jkobma@chron.com,Female,175.178.209.96
804,Walther,Klimashevich,wklimashevichmb@google.fr,Male,1.166.103.185
805,Avrit,Butterworth,abutterworthmc@apple.com,Female,92.172.68.164
806,Blair,Waterfall,bwaterfallmd@blinklist.com,Male,98.187.46.22
807,Rahal,Whatman,rwhatmanme@va.gov,Female,83.26.100.26
808,Chaunce,Maes,cmaesmf@examiner.com,Male,164.223.46.50
809,Pebrook,Sturman,psturmanmg@cam.ac.uk,Male,119.196.153.133
810,Karlens,O'Hallihane,kohallihanemh@huffingtonpost.com,Male,150.20.103.160
811,Tracey,Headon,theadonmi@theglobeandmail.com,Female,253.162.156.2
812,Sher,Handling,shandlingmj@si.edu,Female,122.138.200.216
813,Enriqueta,Olivier,eoliviermk@imgur.com,Female,163.24.35.34
814,Cordey,Bickardike,cbickardikeml@wsj.com,Female,4.194.160.198
815,Willi,Clayborn,wclaybornmm@vistaprint.com,Male,244.202.88.240
816,Nicko,Junkinson,njunkinsonmn@topsy.com,Male,131.255.48.223
817,Teena,McCaughran,tmccaughranmo@patch.com,Female,67.177.30.160
818,Bud,Wetherick,bwetherickmp@marketwatch.com,Male,93.62.82.68
819,Jody,Melladew,jmelladewmq@acquirethisname.com,Male,248.132.108.8
820,Issiah,Gunn,igunnmr@nhs.uk,Male,174.28.198.231
821,Gris,Muddimer,gmuddimerms@cocolog-nifty.com,Male,31.190.203.84
822,Loleta,Moreinu,lmoreinumt@delicious.com,Female,229.129.157.194
823,Aylmar,Stainson,astainsonmu@example.com,Male,80.121.250.204
824,Roy,Rubenov,rrubenovmv@scribd.com,Male,179.144.45.29
825,Di,Westrey,dwestreymw@smh.com.au,Female,16.83.94.4
826,Jonis,Doiley,jdoileymx@japanpost.jp,Female,80.34.24.200
827,Noni,Kersting,nkerstingmy@columbia.edu,Female,253.199.163.86
828,Rodina,Connikie,rconnikiemz@china.com.cn,Female,122.188.81.144
829,Huntley,Royan,hroyann0@histats.com,Male,158.153.232.119
830,Wilek,Northbridge,wnorthbridgen1@walmart.com,Male,79.25.136.4
831,Berty,Turford,bturfordn2@amazon.co.uk,Male,101.229.171.128
832,Shayna,Newling,snewlingn3@irs.gov,Female,114.112.151.246
833,Brocky,De la Yglesias,bdelayglesiasn4@mediafire.com,Male,254.220.72.76
834,Angeli,Cragoe,acragoen5@pagesperso-orange.fr,Male,125.116.6.110
835,Shelby,Everall,severalln6@usatoday.com,Male,101.160.106.185
836,Ursola,Kennewell,ukennewelln7@youtube.com,Female,206.111.85.151
837,Albert,Prestland,aprestlandn8@mit.edu,Male,77.212.231.89
838,Ora,Skitt,oskittn9@php.net,Female,47.179.82.209
839,Nessa,A'Barrow,nabarrowna@psu.edu,Female,139.130.58.72
840,Brandi,Paniman,bpanimannb@cocolog-nifty.com,Female,80.125.249.139
841,Astra,Grishelyov,agrishelyovnc@wikia.com,Female,241.113.100.106
842,Rebeka,Brambill,rbrambillnd@newsvine.com,Female,189.58.248.25
843,Carey,Dudlestone,cdudlestonene@studiopress.com,Female,191.5.153.8
844,Aldwin,Bath,abathnf@samsung.com,Male,91.160.170.143
845,Reider,Dikle,rdikleng@senate.gov,Male,127.136.245.25
846,Lyndsey,Mundall,lmundallnh@timesonline.co.uk,Female,176.235.213.251
847,Mattie,Riddeough,mriddeoughni@microsoft.com,Male,119.120.58.206
848,Adriaens,Hellicar,ahellicarnj@irs.gov,Female,55.115.226.138
849,Dilan,Caze,dcazenk@behance.net,Male,160.157.134.39
850,Tally,Di Ruggero,tdiruggeronl@java.com,Male,203.71.1.159
851,Anson,Ellingworth,aellingworthnm@g.co,Male,96.157.97.71
852,Odessa,Tournay,otournaynn@webnode.com,Female,32.121.8.233
853,Corney,Mitchell,cmitchellno@soup.io,Male,126.203.33.103
854,Dode,Hodjetts,dhodjettsnp@google.co.uk,Female,108.234.80.150
855,Carmon,Luciani,clucianinq@freewebs.com,Female,100.22.104.54
856,Say,Camerello,scamerellonr@diigo.com,Male,247.59.149.53
857,Bradley,Hebborn,bhebbornns@hc360.com,Male,53.186.137.213
858,Nolie,Cersey,ncerseynt@moonfruit.com,Female,147.236.113.150
859,Archambault,Leatherbarrow,aleatherbarrownu@va.gov,Male,47.238.108.117
860,Finn,Saurat,fsauratnv@wordpress.com,Male,174.180.55.251
861,Alexi,Broggelli,abroggellinw@mlb.com,Female,48.179.76.69
862,Blake,Kohneke,bkohnekenx@diigo.com,Male,214.43.118.146
863,Franklin,Waples,fwaplesny@t-online.de,Male,243.215.232.25
864,Taite,MacGaffey,tmacgaffeynz@is.gd,Male,36.16.1.30
865,Chloette,Stiell,cstiello0@etsy.com,Female,253.152.240.131
866,Shay,Antushev,santushevo1@indiegogo.com,Female,4.52.206.38
867,Elizabet,Colling,ecollingo2@umn.edu,Female,98.73.85.199
868,Sharona,Iacopo,siacopoo3@gmpg.org,Female,67.37.241.156
869,Kinsley,Kirtland,kkirtlando4@unc.edu,Male,149.33.141.160
870,Whitby,Torbet,wtorbeto5@ocn.ne.jp,Male,223.3.190.64
871,Jeanie,Whapple,jwhappleo6@dell.com,Female,19.77.94.96
872,Alysa,McGillicuddy,amcgillicuddyo7@cdc.gov,Female,251.0.124.97
873,Mirna,Slimm,mslimmo8@elegantthemes.com,Female,232.62.195.10
874,Vally,Hendren,vhendreno9@123-reg.co.uk,Female,236.59.187.77
875,Tarah,Moloney,tmoloneyoa@furl.net,Female,67.112.109.37
876,Rosaline,Mettericke,rmetterickeob@youku.com,Female,119.105.104.224
877,Olivero,Twitching,otwitchingoc@prnewswire.com,Male,185.76.57.241
878,Antonio,Rowler,arowlerod@nyu.edu,Male,72.247.18.216
879,Leona,Sheaber,lsheaberoe@blogs.com,Female,76.116.6.26
880,Batholomew,Brigge,bbriggeof@cam.ac.uk,Male,250.218.242.226
881,Elizabeth,Russo,erussoog@google.ca,Female,190.188.62.12
882,Mandy,Cure,mcureoh@ustream.tv,Female,134.12.165.217
883,Eugenie,Docket,edocketoi@domainmarket.com,Female,248.181.208.10
884,Julietta,Gotthard.sf,jgotthardsfoj@biglobe.ne.jp,Female,61.179.44.59
885,Tilly,Grundey,tgrundeyok@archive.org,Female,26.46.19.118
886,Ethan,Burland,eburlandol@naver.com,Male,64.151.87.116
887,Currey,Brisland,cbrislandom@shinystat.com,Male,12.192.33.238
888,Baudoin,Fitkin,bfitkinon@barnesandnoble.com,Male,184.76.234.96
889,Mano,Slisby,mslisbyoo@t-online.de,Male,32.4.18.28
890,Jarrod,Skrine,jskrineop@hc360.com,Male,153.189.160.59
891,Tiena,Mullinger,tmullingeroq@sun.com,Female,202.101.247.228
892,Wilmette,Oxe,woxeor@examiner.com,Female,224.250.156.224
893,Billie,Bickersteth,bbickerstethos@yahoo.co.jp,Male,2.201.49.98
894,Parrnell,Palke,ppalkeot@google.co.uk,Male,222.110.117.210
895,Gino,Nutton,gnuttonou@wisc.edu,Male,207.16.85.157
896,Trever,Paolucci,tpaolucciov@ibm.com,Male,123.249.61.115
897,Angelica,Kenrick,akenrickow@imageshack.us,Female,143.251.156.158
898,Rockey,Sandford,rsandfordox@twitpic.com,Male,179.142.240.55
899,Isak,Corcoran,icorcoranoy@wired.com,Male,154.4.108.252
900,Layla,Demetr,ldemetroz@tuttocitta.it,Female,125.254.86.76
901,Fedora,Dudlestone,fdudlestonep0@comsenz.com,Female,132.98.133.46
902,Dionisio,Menendez,dmenendezp1@opera.com,Male,238.112.180.23
903,Gerrard,Kiellor,gkiellorp2@sbwire.com,Male,3.109.157.255
904,Caressa,Arnauduc,carnauducp3@mlb.com,Female,90.208.227.60
905,Hynda,Baylie,hbayliep4@kickstarter.com,Female,254.42.168.24
906,Jemima,Nickless,jnicklessp5@issuu.com,Female,101.199.32.255
907,Leanna,Sinnott,lsinnottp6@goo.gl,Female,159.109.249.160
908,Adda,Jancic,ajancicp7@etsy.com,Female,127.1.220.79
909,Neddy,Kos,nkosp8@fema.gov,Male,225.248.4.2
910,Hope,Ronisch,hronischp9@moonfruit.com,Female,162.198.209.61
911,Joyce,Sowray,jsowraypa@godaddy.com,Female,213.142.111.164
912,Max,Keppe,mkeppepb@sakura.ne.jp,Male,36.206.55.48
913,Benni,Berkeley,bberkeleypc@wordpress.org,Female,64.61.171.103
914,Xerxes,Urch,xurchpd@sciencedaily.com,Male,132.84.88.204
915,Maire,Merali,mmeralipe@google.es,Female,159.0.119.131
916,Fifi,Lung,flungpf@live.com,Female,158.35.113.145
917,Justina,Zannutti,jzannuttipg@apache.org,Female,238.232.243.166
918,Zelig,Dalby,zdalbyph@nifty.com,Male,141.159.45.198
919,Kerrie,Storrier,kstorrierpi@elegantthemes.com,Female,145.219.184.50
920,Tressa,Aleksidze,taleksidzepj@woothemes.com,Female,205.124.141.8
921,Rocky,Novacek,rnovacekpk@gnu.org,Male,233.231.209.55
922,Loren,Joan,ljoanpl@springer.com,Female,6.142.228.220
923,Xavier,Frye,xfryepm@privacy.gov.au,Male,222.99.233.197
924,Horton,Pavett,hpavettpn@admin.ch,Male,138.77.117.68
925,Annabal,Inde,aindepo@eventbrite.com,Female,251.1.86.54
926,Tobe,Rattray,trattraypp@com.com,Male,23.228.125.34
927,Clayborn,Spellward,cspellwardpq@live.com,Male,170.78.127.157
928,Beniamino,Durrance,bdurrancepr@who.int,Male,182.72.178.12
929,Humphrey,Jessope,hjessopeps@addtoany.com,Male,163.143.245.178
930,Josy,Beretta,jberettapt@taobao.com,Female,82.175.29.139
931,Lurline,Overstall,loverstallpu@youtube.com,Female,206.28.63.15
932,Phaidra,Shaddock,pshaddockpv@ebay.co.uk,Female,185.232.143.205
933,Nelia,Matula,nmatulapw@pbs.org,Female,2.173.38.234
934,Ermina,Dyer,edyerpx@phoca.cz,Female,7.170.137.111
935,Melosa,Pattle,mpattlepy@twitpic.com,Female,103.229.9.210
936,Yorker,Kilbane,ykilbanepz@i2i.jp,Male,112.91.30.40
937,Vitia,Jessop,vjessopq0@hatena.ne.jp,Female,91.134.21.251
938,Merrili,Rappport,mrappportq1@altervista.org,Female,175.95.148.224
939,Bailey,Juris,bjurisq2@mlb.com,Male,203.113.216.125
940,Blancha,Kingsnode,bkingsnodeq3@blogger.com,Female,42.183.103.53
941,Wright,Danzelman,wdanzelmanq4@auda.org.au,Male,232.70.179.138
942,Maximilien,Kikke,mkikkeq5@bloomberg.com,Male,241.184.155.53
943,Salem,Whiteley,swhiteleyq6@eventbrite.com,Male,100.122.9.7
944,Hilario,Winney,hwinneyq7@reddit.com,Male,48.51.237.141
945,Jamey,Galliard,jgalliardq8@cdbaby.com,Male,224.6.169.40
946,Earl,Pountney,epountneyq9@cam.ac.uk,Male,128.146.42.30
947,Rees,Rendle,rrendleqa@sbwire.com,Male,60.217.87.12
948,Loleta,Darnbrook,ldarnbrookqb@youku.com,Female,246.217.27.44
949,Chrissie,Dafforne,cdafforneqc@tamu.edu,Male,110.250.60.80
950,Walton,Overy,woveryqd@wsj.com,Male,61.126.32.61
951,Othilia,Weinmann,oweinmannqe@w3.org,Female,100.119.64.113
952,Quinlan,Tsar,qtsarqf@sourceforge.net,Male,102.145.68.132
953,Nonie,Shotbolt,nshotboltqg@cocolog-nifty.com,Female,36.57.245.52
954,Wallis,McBeth,wmcbethqh@examiner.com,Male,232.4.73.144
955,Alano,Raccio,araccioqi@mtv.com,Male,75.197.190.16
956,Alley,Phetteplace,aphetteplaceqj@cnet.com,Male,133.90.3.252
957,Sheppard,Kettel,skettelqk@spiegel.de,Male,74.181.16.199
958,Korie,O'Hanley,kohanleyql@gmpg.org,Female,254.181.38.191
959,Sol,Bake,sbakeqm@nps.gov,Male,210.245.126.229
960,Vanessa,Melmeth,vmelmethqn@cbc.ca,Female,177.182.24.16
961,Constancia,Sams,csamsqo@homestead.com,Female,240.0.124.95
962,Prudy,Wooff,pwooffqp@liveinternet.ru,Female,31.12.143.235
963,Herman,Buntine,hbuntineqq@hhs.gov,Male,201.104.216.76
964,Kristofer,Lejeune,klejeuneqr@aboutads.info,Male,88.117.122.6
965,Gipsy,Limeburn,glimeburnqs@ft.com,Female,58.34.204.49
966,Lauralee,Pane,lpaneqt@fc2.com,Female,37.140.83.28
967,Gwenora,Wilber,gwilberqu@issuu.com,Female,78.131.249.171
968,Vasily,Lansdowne,vlansdowneqv@hugedomains.com,Male,48.13.175.116
969,Natale,Lucchi,nlucchiqw@ocn.ne.jp,Male,195.61.57.213
970,Jordain,Franek,jfranekqx@lulu.com,Female,0.171.122.191
971,Amerigo,Connew,aconnewqy@barnesandnoble.com,Male,249.225.218.87
972,Alaric,Cubbini,acubbiniqz@toplist.cz,Male,224.71.70.138
973,Linda,Vigrass,lvigrassr0@msu.edu,Female,103.97.40.32
974,Obediah,Schankelborg,oschankelborgr1@google.ru,Male,203.48.138.27
975,Elsey,Snalom,esnalomr2@miibeian.gov.cn,Female,61.185.180.78
976,Kittie,Lanphier,klanphierr3@reference.com,Female,178.90.182.66
977,Clint,Lightwing,clightwingr4@w3.org,Male,211.183.244.9
978,Dillie,Paolacci,dpaolaccir5@163.com,Male,199.143.73.25
979,Clark,Brahan,cbrahanr6@forbes.com,Male,67.140.129.231
980,Domenico,Wytchard,dwytchardr7@google.it,Male,163.17.24.1
981,Lindy,Askham,laskhamr8@miibeian.gov.cn,Female,164.149.101.35
982,Nikolai,Bright,nbrightr9@sakura.ne.jp,Male,72.77.4.63
983,Khalil,Huguet,khuguetra@eventbrite.com,Male,127.1.114.171
984,Dianne,MacElholm,dmacelholmrb@delicious.com,Female,103.180.211.120
985,Margarette,Samber,msamberrc@google.it,Female,95.129.220.33
986,Caterina,Ferras,cferrasrd@pinterest.com,Female,163.200.95.88
987,Karim,Aharoni,kaharonire@behance.net,Male,218.243.194.197
988,Glad,Fowell,gfowellrf@mysql.com,Female,89.93.216.24
989,Roze,Piel,rpielrg@blogs.com,Female,139.32.187.124
990,Bernarr,Le Teve,bleteverh@comcast.net,Male,117.241.42.13
991,Lesley,Deadman,ldeadmanri@ft.com,Female,215.27.152.125
992,Eva,Van der Hoven,evanderhovenrj@tinyurl.com,Female,39.205.35.191
993,Nevins,Weare,nwearerk@msn.com,Male,26.226.181.188
994,Dolph,Parkyns,dparkynsrl@dailymail.co.uk,Male,78.28.38.237
995,Ivor,Ipplett,iipplettrm@tinypic.com,Male,226.137.156.243
996,Kennett,Allmark,kallmarkrn@globo.com,Male,42.201.47.154
997,Aliza,Syddie,asyddiero@slashdot.org,Female,41.232.174.38
998,Roberta,Sarah,rsarahrp@people.com.cn,Female,57.208.66.119
999,Graig,Dorrance,gdorrancerq@craigslist.org,Male,13.10.216.31
1000,Barbaraanne,Servante,bservanterr@ehow.com,Female,95.59.186.118
